[
  {
    "cor": "#FFFFFF",
    "ponteira": "#FFFFFF",
    "nome": "Faixa Branca",
    "requisitos": [
      "Iniciante \n",
      "Sem idade mínima"
    ],
    "videoUrl": "",
    "imagem": "",
    "descricao": "É o início da jornada, onde tudo ainda é desconhecido, mas cheio de possibilidades. Representa pureza, humildade e vontade de aprender."
  },
  {
    "cor": "#FFFFFF",
    "ponteira": "#7a7772",
    "nome": "Branca / Cinza",
    "requisitos": [
      "11º kyu \n",
      "Idade mínima: 4 anos \n",
      "Carência: 3 meses"
    ],
    "videoUrl": "",
    "imagem": "",
    "descricao": "Marca os primeiros passos firmes. A criança começa a entender as regras, desenvolver disciplina e aprender os valores do judô, como respeito e companheirismo."
  },
  {
    "cor": "#7a7772",
    "ponteira": "#7a7772",
    "nome": "Faixa Cinza",
    "requisitos": [
      "10º kyu \n",
      "Idade mínima: 5 anos \n",
      "Carência: 3 meses"
    ],
    "videoUrl": "",
    "imagem": "",
    "descricao": "Representa o progresso inicial. O judoca começa a dominar quedas básicas e entender o trabalho em dupla. É a fase do despertar técnico e social."
  },
  {
    "cor": "#9b9494",
    "ponteira": "#0136af",
    "nome": "Cinza / Azul",
    "requisitos": [
      "9º kyu \n",
      "Idade mínima: 6 anos \n",
      "Carência: 6 meses"
    ],
    "videoUrl": "",
    "imagem": "",
    "descricao": "Essa graduação representa a transição para um novo nível de entendimento. O judoca começa a unir técnica com postura e coordenação, reforçando os fundamentos aprendidos."
  },
  {
    "cor": "#0136af",
    "ponteira": "#0136af",
    "nome": "Faixa Azul",
    "requisitos": [
      "8º kyu \n",
      "Idade mínima: 7 anos \n",
      "Carência: 6 meses"
    ],
    "videoUrl": "",
    "imagem": "",
    "descricao": "Aqui, a técnica ganha força. O judoca evolui nos movimentos, aprende rolamentos mais complexos e mostra maior controle corporal. A base está sendo bem construída."
  },
  {
    "cor": "#0645cf",
    "ponteira": "#fbe734",
    "nome": "Azul / Amarela",
    "requisitos": [
      "7º kyu \n",
      "Idade mínima: 8 anos \n",
      "Carência: 6 meses"
    ],
    "videoUrl": "",
    "imagem": "",
    "descricao": "A mistura da estabilidade da azul com o brilho da amarela indica uma fase de refinamento técnico. O judoca já mostra fluidez nos movimentos e maior percepção tática."
  },
  {
    "cor": "#fbe734",
    "ponteira": "#fbe734",
    "nome": "Amarela",
    "requisitos": [
      "6º kyu \n",
      "Idade mínima: 9 anos \n",
      "Carência: 6 meses"
    ],
    "videoUrl": "",
    "imagem": "",
    "descricao": "Simboliza o brilho do progresso. O judoca já possui boa base técnica, desenvolve equilíbrio e coordenação, e começa a aplicar golpes com mais confiança."
  },
  {
    "cor": "#fbe734",
    "ponteira": "#fc4a1a",
    "nome": "Amarela / Laranja",
    "requisitos": [
      "5º kyu \n",
      "Idade mínima: 10 anos \n",
      "Carência: 12 meses"
    ],
    "videoUrl": "",
    "imagem": "",
    "descricao": "Essa graduação mostra transição para um nível mais avançado. A técnica se aperfeiçoa, o raciocínio estratégico começa a surgir e o espírito do judoca amadurece."
  },
  {
    "cor": "#fc4a1a",
    "ponteira": "#fc4a1a",
    "nome": "Faixa Laranja",
    "requisitos": [
      "4º kyu \n",
      "Idade mínima: 11 anos \n",
      "Carência: 12 meses"
    ],
    "videoUrl": "",
    "imagem": "",
    "descricao": "Representa maturidade técnica. O judoca entende as projeções com mais profundidade, aplica combinações e começa a pensar como um lutador."
  },
  {
    "cor": "#1e4b19",
    "ponteira": "#1e4b19",
    "nome": "Faixa Verde",
    "requisitos": [
      "3º kyu \n",
      "Idade mínima: 12 anos \n",
      "Carência: 12 meses"
    ],
    "videoUrl": "",
    "imagem": "",
    "descricao": "Na Faixa Verde, o judoca já tem domínio técnico considerável. O corpo e a mente trabalham juntos com fluidez, e a postura demonstra responsabilidade e confiança."
  },
  {
    "cor": "#50226e",
    "ponteira": "#50226e",
    "nome": "Faixa Roxa",
    "requisitos": [
      "2º kyu \n",
      "Idade mínima: 13 anos \n",
      "Carência: 12 meses"
    ],
    "videoUrl": "",
    "imagem": "",
    "descricao": "A Faixa Roxa é a ponte para a fase avançada. O judoca se destaca pelo conhecimento técnico, liderança entre os colegas e preparação para desafios maiores."
  },
  {
    "cor": "#562e19",
    "ponteira": "#562e19",
    "nome": "Faixa Marrom",
    "requisitos": [
      "1º kyu \n",
      "Idade mínima: 14 anos \n",
      "Carência: 12 meses"
    ],
    "videoUrl": "",
    "imagem": "",
    "descricao": "Representando um nível elevado, o judoca possui uma sólida base física e mental. É respeitado no dojo e está prestes a se tornar exemplo e referência."
  },
  {
    "cor": "#060606",
    "ponteira": "#060606",
    "nome": "Faixa Preta",
    "requisitos": [
      "1º dan \n",
      "Idade mínima: 16 anos \n",
      "Carência: 2 anos"
    ],
    "videoUrl": "",
    "imagem": "",
    "descricao": "A Faixa Preta simboliza o verdadeiro começo. É o ponto onde o judoca deixa de apenas aprender e passa a ensinar. Representa responsabilidade, humildade e a busca constante pela excelência."
  }
]