[
  {
    "cor": "#FFFFFF",
    "ponteira": "#FFFFFF",
    "nome": "Faixa Branca",
    "requisitos": [
      "Iniciante",
      "Sem idade mínima"
    ],
    "videoUrl": "https://www.youtube.com/watch?v=video1",
    "imagem": "https://raw.githubusercontent.com/rafaelvalverdedev/app-judo/master/assets/faixas.png",
    "descricao": "A Faixa Branca simboliza o começo da jornada no judô. É o momento de aprender as regras básicas, o espírito do judô e desenvolver disciplina."
  },
  {
    "cor": "#FFFFFF",
    "ponteira": "#7a7772",
    "nome": "Branca / Cinza",
    "requisitos": [
      "11º kyu",
      "Idade mínima: 4 anos",
      "Carência mínima: 3 meses"
    ],
    "videoUrl": "https://www.youtube.com/watch?v=video1",
    "imagem": "https://raw.githubusercontent.com/rafaelvalverdedev/app-judo/master/assets/faixas.png",
    "descricao": "A Faixa Branca simboliza o começo da jornada no judô. É o momento de aprender as regras básicas, o espírito do judô e desenvolver disciplina."
  },
  {
    "cor": "#7a7772",
    "ponteira": "#7a7772",
    "nome": "Faixa Cinza",
    "requisitos": [
      "10º kyu",
      "Idade mínima: 5 anos",
      "Carência mínima: 3 meses"
    ],
    "videoUrl": "https://www.youtube.com/watch?v=video1",
    "descricao": "A Faixa Cinza representa a progressão inicial da criança. Aqui o judoca já começa a entender quedas básicas e respeito com o colega."
  },
  {
    "cor": "#9b9494",
    "ponteira": "#0136af",
    "nome": "Cinza / Azul",
    "requisitos": [
      "9º kyu",
      "Idade mínima: 6 anos",
      "Carência mínima: 6 meses"
    ],
    "videoUrl": "https://www.youtube.com/watch?v=video1",
    "imagem": "https://raw.githubusercontent.com/rafaelvalverdedev/app-judo/master/assets/faixas.png",
    "descricao": "A Faixa Branca simboliza o começo da jornada no judô. É o momento de aprender as regras básicas, o espírito do judô e desenvolver disciplina."
  },
  {
    "cor": "#0136af",
    "ponteira": "#0136af",
    "nome": "Faixa Azul",
    "requisitos": [
      "8º kyu",
      "Idade mínima: 7 anos",
      "Carência mínima: 6 meses"
    ],
    "videoUrl": "https://www.youtube.com/watch?v=video2",
    "descricao": "A Faixa Azul marca a evolução técnica com aprendizados de postura, movimentação e rolamentos mais avançados."
  },
  {
    "cor": "#0645cf",
    "ponteira": "#fbe734",
    "nome": "Azul / Amarela",
    "requisitos": [
      "7º kyu",
      "Idade mínima: 8 anos",
      "Carência mínima: 6 meses"
    ],
    "videoUrl": "https://www.youtube.com/watch?v=video2",
    "descricao": "A Faixa Azul marca a evolução técnica com aprendizados de postura, movimentação e rolamentos mais avançados."
  },
  {
    "cor": "#fbe734",
    "ponteira": "#fbe734",
    "nome": "Amarela",
    "requisitos": [
      "6º kyu",
      "Idade mínima: 9 anos",
      "Carência mínima: 6 meses"
    ],
    "videoUrl": "https://www.youtube.com/watch?v=video2",
    "descricao": "A Faixa Azul marca a evolução técnica com aprendizados de postura, movimentação e rolamentos mais avançados."
  },
  {
    "cor": "#fbe734",
    "ponteira": "#fc4a1a",
    "nome": "Amarela / Laranja",
    "requisitos": [
      "5º kyu",
      "Idade mínima: 10 anos",
      "Carência mínima: 12 meses"
    ],
    "videoUrl": "https://www.youtube.com/watch?v=video2",
    "descricao": "A Faixa Azul marca a evolução técnica com aprendizados de postura, movimentação e rolamentos mais avançados."
  },
  {
    "cor": "#fc4a1a",
    "ponteira": "#fc4a1a",
    "nome": "Faixa Laranja",
    "requisitos": [
      "4º kyu",
      "Idade mínima: 11 anos",
      "Carência mínima: 12 meses"
    ],
    "videoUrl": "https://www.youtube.com/watch?v=video3",
    "descricao": "A Faixa Laranja representa mais maturidade técnica, com foco em movimentações e projeções mais eficazes."
  },
  {
    "cor": "#1e4b19",
    "ponteira": "#1e4b19",
    "nome": "Faixa Verde",
    "requisitos": [
      "3º kyu",
      "Idade mínima: 12 anos",
      "Carência mínima: 12 meses"
    ],
    "videoUrl": "https://www.youtube.com/watch?v=video3",
    "descricao": "A Faixa Laranja representa mais maturidade técnica, com foco em movimentações e projeções mais eficazes."
  },
  {
    "cor": "#50226e",
    "ponteira": "#50226e",
    "nome": "Faixa Roxa",
    "requisitos": [
      "2º kyu",
      "Idade mínima: 13 anos",
      "Carência mínima: 12 meses"
    ],
    "videoUrl": "https://www.youtube.com/watch?v=video3",
    "descricao": "A Faixa Roxa destaca o judoca como intermediário-avançado, dominando diversas técnicas e já auxiliando colegas iniciantes."
  },
  {
    "cor": "#562e19",
    "ponteira": "#562e19",
    "nome": "Faixa Marrom",
    "requisitos": [
      "1º kyu",
      "Idade mínima: 14 anos",
      "Carência mínima: 12 meses"
    ],
    "videoUrl": "https://www.youtube.com/watch?v=video3",
    "descricao": "A Faixa Marrom antecede a faixa preta. O judoca tem sólida base técnica, preparo físico e compreensão do espírito do judô."
  },
  {
    "cor": "#060606",
    "ponteira": "#060606",
    "nome": "Faixa Preta",
    "requisitos": [
      "1º dan",
      "Idade mínima: 16 anos",
      "Carência mínima: 2 anos"
    ],
    "videoUrl": "https://www.youtube.com/watch?v=video3",
    "descricao": "A Faixa Preta não representa o fim, mas o verdadeiro começo do judô. Aqui o judoca se torna responsável por ensinar e evoluir constantemente."
  }
]